<?xml version="1.0"?>
<project><logo>C:\Program Files (x86)\Crestron\vt_pro-e\LOGOGR.JPG</logo><name>CA2077 update</name><filename>MPS200 CA2077 2013-08-15.vtp</filename><designer/><job/><dealer/><comments/><additional>0</additional><page subpage="no"><name>Start</name><description/><graphic width="640" height="480">Start.JPG</graphic></page><page subpage="no"><name>Doc Cam</name><description/><graphic width="640" height="480">Doc Cam.JPG</graphic></page><page subpage="no"><name>DVD</name><description/><graphic width="640" height="480">DVD.JPG</graphic></page><page subpage="no"><name>Finish</name><description/><graphic width="640" height="480">Finish.JPG</graphic></page><page subpage="no"><name>Help</name><description/><graphic width="640" height="480">Help.JPG</graphic></page><page subpage="no"><name>Screen</name><description/><graphic width="640" height="480">Screen.JPG</graphic></page><page subpage="no"><name>Source</name><description/><graphic width="640" height="480">Source.JPG</graphic></page><page subpage="no"><name>Splash</name><description/><graphic width="640" height="480">Splash.JPG</graphic></page><page subpage="no"><name>Volume</name><description/><graphic width="640" height="480">Volume.JPG</graphic></page><page subpage="no"><name>Volume- Advanced</name><description/><graphic width="640" height="480">Volume- Advanced.JPG</graphic></page><page subpage="no"><name>Goodbye</name><description/><graphic width="640" height="480">Goodbye.JPG</graphic></page><page subpage="no"><name>DVD Advanced</name><description/><graphic width="640" height="480">DVD Advanced.JPG</graphic></page></project>
